n_fn_0,n_fn_1,n_fn_2,n_fn_3,n_fn_4,n_fn_5,n_fn_6,n_fn_7,n_fn_8,n_fn_9,n_fn_10,n_fn_11,used_inputs_fraction,active_fraction,n_one_arity,n_two_arity,run_name,seed,w,opt,problem
2,6,8,3,10,4,2,4,6,1,3,5,0.8,0.54,35,19,ga_nasa_battery_2_20min_adam_wfn_0,0,_wfn,adam,nasa_battery_2_20min
5,2,10,3,3,3,6,4,4,0,8,3,1.0,0.51,31,20,ga_nasa_battery_2_20min_adam_win_0,0,_win,adam,nasa_battery_2_20min
2,6,8,3,10,4,2,4,6,1,3,5,0.8,0.54,35,19,ga_nasa_battery_2_20min_adam_wfn_bfn_0,0,_wfn_bfn,adam,nasa_battery_2_20min
5,2,10,3,3,3,6,4,4,0,8,3,1.0,0.51,31,20,ga_nasa_battery_2_20min_adam_win_bfn_0,0,_win_bfn,adam,nasa_battery_2_20min
2,6,8,3,10,4,2,4,6,1,3,5,0.8,0.54,35,19,ga_nasa_battery_2_20min_adam_wfn_bin_0,0,_wfn_bin,adam,nasa_battery_2_20min
5,2,10,3,3,3,6,4,4,0,8,3,1.0,0.51,31,20,ga_nasa_battery_2_20min_adam_win_bin_0,0,_win_bin,adam,nasa_battery_2_20min
3,6,7,3,5,3,2,4,4,4,2,4,0.8,0.47,28,19,ga_nasa_battery_2_20min_gaussian_wfn_0,0,_wfn,gaussian,nasa_battery_2_20min
5,3,7,3,4,4,1,6,4,7,2,6,1.0,0.52,34,18,ga_nasa_battery_2_20min_gaussian_win_0,0,_win,gaussian,nasa_battery_2_20min
3,6,7,3,5,3,2,4,4,4,2,4,0.8,0.47,28,19,ga_nasa_battery_2_20min_gaussian_wfn_bfn_0,0,_wfn_bfn,gaussian,nasa_battery_2_20min
5,3,7,3,4,4,1,6,4,7,2,6,1.0,0.52,34,18,ga_nasa_battery_2_20min_gaussian_win_bfn_0,0,_win_bfn,gaussian,nasa_battery_2_20min
3,6,7,3,5,3,2,4,4,4,2,4,0.8,0.47,28,19,ga_nasa_battery_2_20min_gaussian_wfn_bin_0,0,_wfn_bin,gaussian,nasa_battery_2_20min
5,3,7,3,4,4,1,6,4,7,2,6,1.0,0.52,34,18,ga_nasa_battery_2_20min_gaussian_win_bin_0,0,_win_bin,gaussian,nasa_battery_2_20min
7,4,3,3,3,5,6,5,4,6,4,4,1.0,0.54,37,17,ga_nasa_battery_2_20min_gaussian_0,0,,gaussian,nasa_battery_2_20min
4,3,1,3,4,9,7,4,3,5,5,6,1.0,0.54,43,11,ga_nasa_battery_2_20min_adam_wfn_1,1,_wfn,adam,nasa_battery_2_20min
5,8,4,1,7,1,5,2,4,5,10,5,1.0,0.57,39,18,ga_nasa_battery_2_20min_adam_win_1,1,_win,adam,nasa_battery_2_20min
4,3,1,3,4,9,7,4,3,5,5,6,1.0,0.54,43,11,ga_nasa_battery_2_20min_adam_wfn_bfn_1,1,_wfn_bfn,adam,nasa_battery_2_20min
5,8,4,1,7,1,5,2,4,5,10,5,1.0,0.57,39,18,ga_nasa_battery_2_20min_adam_win_bfn_1,1,_win_bfn,adam,nasa_battery_2_20min
4,3,1,3,4,9,7,4,3,5,5,6,1.0,0.54,43,11,ga_nasa_battery_2_20min_adam_wfn_bin_1,1,_wfn_bin,adam,nasa_battery_2_20min
5,8,4,1,7,1,5,2,4,5,10,5,1.0,0.57,39,18,ga_nasa_battery_2_20min_adam_win_bin_1,1,_win_bin,adam,nasa_battery_2_20min
5,3,8,2,6,5,5,7,4,6,0,2,0.8,0.53,35,18,ga_nasa_battery_2_20min_gaussian_wfn_1,1,_wfn,gaussian,nasa_battery_2_20min
4,2,5,5,6,2,4,4,6,4,0,6,1.0,0.48,32,16,ga_nasa_battery_2_20min_gaussian_win_1,1,_win,gaussian,nasa_battery_2_20min
5,3,8,2,6,5,5,7,4,6,0,2,0.8,0.53,35,18,ga_nasa_battery_2_20min_gaussian_wfn_bfn_1,1,_wfn_bfn,gaussian,nasa_battery_2_20min
4,2,5,5,6,2,4,4,6,4,0,6,1.0,0.48,32,16,ga_nasa_battery_2_20min_gaussian_win_bfn_1,1,_win_bfn,gaussian,nasa_battery_2_20min
5,3,8,2,6,5,5,7,4,6,0,2,0.8,0.53,35,18,ga_nasa_battery_2_20min_gaussian_wfn_bin_1,1,_wfn_bin,gaussian,nasa_battery_2_20min
4,2,5,5,6,2,4,4,6,4,0,6,1.0,0.48,32,16,ga_nasa_battery_2_20min_gaussian_win_bin_1,1,_win_bin,gaussian,nasa_battery_2_20min
6,2,4,5,3,5,6,4,6,4,4,2,1.0,0.51,34,17,ga_nasa_battery_2_20min_gaussian_1,1,,gaussian,nasa_battery_2_20min
5,2,5,5,2,6,4,7,8,4,2,5,1.0,0.55,38,17,ga_nasa_battery_2_20min_adam_wfn_2,2,_wfn,adam,nasa_battery_2_20min
3,2,9,3,3,4,3,7,4,7,4,4,1.0,0.53,36,17,ga_nasa_battery_2_20min_adam_win_2,2,_win,adam,nasa_battery_2_20min
5,2,5,5,2,6,4,7,8,4,2,5,1.0,0.55,38,17,ga_nasa_battery_2_20min_adam_wfn_bfn_2,2,_wfn_bfn,adam,nasa_battery_2_20min
3,2,9,3,3,4,3,7,4,7,4,4,1.0,0.53,36,17,ga_nasa_battery_2_20min_adam_win_bfn_2,2,_win_bfn,adam,nasa_battery_2_20min
5,2,5,5,2,6,4,7,8,4,2,5,1.0,0.55,38,17,ga_nasa_battery_2_20min_adam_wfn_bin_2,2,_wfn_bin,adam,nasa_battery_2_20min
3,2,9,3,3,4,3,7,4,7,4,4,1.0,0.53,36,17,ga_nasa_battery_2_20min_adam_win_bin_2,2,_win_bin,adam,nasa_battery_2_20min
5,2,5,4,6,5,3,2,8,4,5,3,1.0,0.52,36,16,ga_nasa_battery_2_20min_gaussian_wfn_2,2,_wfn,gaussian,nasa_battery_2_20min
4,4,5,4,6,6,3,2,5,2,5,4,1.0,0.5,33,17,ga_nasa_battery_2_20min_gaussian_win_2,2,_win,gaussian,nasa_battery_2_20min
5,2,5,4,6,5,3,2,8,4,5,3,1.0,0.52,36,16,ga_nasa_battery_2_20min_gaussian_wfn_bfn_2,2,_wfn_bfn,gaussian,nasa_battery_2_20min
4,4,5,4,6,6,3,2,5,2,5,4,1.0,0.5,33,17,ga_nasa_battery_2_20min_gaussian_win_bfn_2,2,_win_bfn,gaussian,nasa_battery_2_20min
5,2,5,4,6,5,3,2,8,4,5,3,1.0,0.52,36,16,ga_nasa_battery_2_20min_gaussian_wfn_bin_2,2,_wfn_bin,gaussian,nasa_battery_2_20min
4,4,5,4,6,6,3,2,5,2,5,4,1.0,0.5,33,17,ga_nasa_battery_2_20min_gaussian_win_bin_2,2,_win_bin,gaussian,nasa_battery_2_20min
4,3,6,3,11,6,5,4,9,5,3,0,0.8,0.59,43,16,ga_nasa_battery_2_20min_gaussian_2,2,,gaussian,nasa_battery_2_20min
11,7,2,2,4,5,3,5,3,2,6,4,1.0,0.54,32,22,ga_nasa_battery_2_20min_adam_wfn_3,3,_wfn,adam,nasa_battery_2_20min
3,3,6,4,8,5,5,6,6,3,5,3,1.0,0.57,41,16,ga_nasa_battery_2_20min_adam_win_3,3,_win,adam,nasa_battery_2_20min
11,7,2,2,4,5,3,5,3,2,6,4,1.0,0.54,32,22,ga_nasa_battery_2_20min_adam_wfn_bfn_3,3,_wfn_bfn,adam,nasa_battery_2_20min
3,3,6,4,8,5,5,6,6,3,5,3,1.0,0.57,41,16,ga_nasa_battery_2_20min_adam_win_bfn_3,3,_win_bfn,adam,nasa_battery_2_20min
11,7,2,2,4,5,3,5,3,2,6,4,1.0,0.54,32,22,ga_nasa_battery_2_20min_adam_wfn_bin_3,3,_wfn_bin,adam,nasa_battery_2_20min
3,3,6,4,8,5,5,6,6,3,5,3,1.0,0.57,41,16,ga_nasa_battery_2_20min_adam_win_bin_3,3,_win_bin,adam,nasa_battery_2_20min
5,1,4,7,8,3,4,9,6,1,2,4,1.0,0.54,37,17,ga_nasa_battery_2_20min_gaussian_wfn_3,3,_wfn,gaussian,nasa_battery_2_20min
6,7,4,6,2,2,5,2,5,1,5,4,1.0,0.49,26,23,ga_nasa_battery_2_20min_gaussian_win_3,3,_win,gaussian,nasa_battery_2_20min
5,1,4,7,8,3,4,9,6,1,2,4,1.0,0.54,37,17,ga_nasa_battery_2_20min_gaussian_wfn_bfn_3,3,_wfn_bfn,gaussian,nasa_battery_2_20min
6,7,4,6,2,2,5,2,5,1,5,4,1.0,0.49,26,23,ga_nasa_battery_2_20min_gaussian_win_bfn_3,3,_win_bfn,gaussian,nasa_battery_2_20min
5,1,4,7,8,3,4,9,6,1,2,4,1.0,0.54,37,17,ga_nasa_battery_2_20min_gaussian_wfn_bin_3,3,_wfn_bin,gaussian,nasa_battery_2_20min
6,7,4,6,2,2,5,2,5,1,5,4,1.0,0.49,26,23,ga_nasa_battery_2_20min_gaussian_win_bin_3,3,_win_bin,gaussian,nasa_battery_2_20min
6,4,5,6,3,7,9,5,4,7,3,3,1.0,0.62,41,21,ga_nasa_battery_2_20min_gaussian_3,3,,gaussian,nasa_battery_2_20min
6,7,4,6,0,6,5,2,3,3,3,7,1.0,0.52,29,23,ga_nasa_battery_2_20min_adam_wfn_4,4,_wfn,adam,nasa_battery_2_20min
6,4,1,9,4,4,5,3,10,2,3,4,1.0,0.55,35,20,ga_nasa_battery_2_20min_adam_win_4,4,_win,adam,nasa_battery_2_20min
6,7,4,6,0,6,5,2,3,3,3,7,1.0,0.52,29,23,ga_nasa_battery_2_20min_adam_wfn_bfn_4,4,_wfn_bfn,adam,nasa_battery_2_20min
6,4,1,9,4,4,5,3,10,2,3,4,1.0,0.55,35,20,ga_nasa_battery_2_20min_adam_win_bfn_4,4,_win_bfn,adam,nasa_battery_2_20min
6,7,4,6,0,6,5,2,3,3,3,7,1.0,0.52,29,23,ga_nasa_battery_2_20min_adam_wfn_bin_4,4,_wfn_bin,adam,nasa_battery_2_20min
6,4,1,9,4,4,5,3,10,2,3,4,1.0,0.55,35,20,ga_nasa_battery_2_20min_adam_win_bin_4,4,_win_bin,adam,nasa_battery_2_20min
6,4,2,2,5,4,2,6,8,3,5,4,1.0,0.51,37,14,ga_nasa_battery_2_20min_gaussian_wfn_4,4,_wfn,gaussian,nasa_battery_2_20min
5,10,6,7,4,8,4,4,3,8,1,0,1.0,0.6,32,28,ga_nasa_battery_2_20min_gaussian_win_4,4,_win,gaussian,nasa_battery_2_20min
6,4,2,2,5,4,2,6,8,3,5,4,1.0,0.51,37,14,ga_nasa_battery_2_20min_gaussian_wfn_bfn_4,4,_wfn_bfn,gaussian,nasa_battery_2_20min
5,10,6,7,4,8,4,4,3,8,1,0,1.0,0.6,32,28,ga_nasa_battery_2_20min_gaussian_win_bfn_4,4,_win_bfn,gaussian,nasa_battery_2_20min
6,4,2,2,5,4,2,6,8,3,5,4,1.0,0.51,37,14,ga_nasa_battery_2_20min_gaussian_wfn_bin_4,4,_wfn_bin,gaussian,nasa_battery_2_20min
5,10,6,7,4,8,4,4,3,8,1,0,1.0,0.6,32,28,ga_nasa_battery_2_20min_gaussian_win_bin_4,4,_win_bin,gaussian,nasa_battery_2_20min
5,4,1,6,8,3,6,4,7,6,6,5,1.0,0.61,45,16,ga_nasa_battery_2_20min_gaussian_4,4,,gaussian,nasa_battery_2_20min
7,4,1,10,3,5,5,4,1,7,6,2,1.0,0.55,33,22,ga_nasa_battery_2_20min_adam_wfn_5,5,_wfn,adam,nasa_battery_2_20min
4,4,6,2,7,3,1,6,3,5,4,2,0.8,0.47,31,16,ga_nasa_battery_2_20min_adam_win_5,5,_win,adam,nasa_battery_2_20min
7,4,1,10,3,5,5,4,1,7,6,2,1.0,0.55,33,22,ga_nasa_battery_2_20min_adam_wfn_bfn_5,5,_wfn_bfn,adam,nasa_battery_2_20min
4,4,6,2,7,3,1,6,3,5,4,2,0.8,0.47,31,16,ga_nasa_battery_2_20min_adam_win_bfn_5,5,_win_bfn,adam,nasa_battery_2_20min
7,4,1,10,3,5,5,4,1,7,6,2,1.0,0.55,33,22,ga_nasa_battery_2_20min_adam_wfn_bin_5,5,_wfn_bin,adam,nasa_battery_2_20min
4,4,6,2,7,3,1,6,3,5,4,2,0.8,0.47,31,16,ga_nasa_battery_2_20min_adam_win_bin_5,5,_win_bin,adam,nasa_battery_2_20min
5,3,5,2,7,6,5,2,3,8,6,4,1.0,0.56,41,15,ga_nasa_battery_2_20min_gaussian_wfn_5,5,_wfn,gaussian,nasa_battery_2_20min
6,3,9,3,7,4,3,2,2,4,6,6,1.0,0.55,34,21,ga_nasa_battery_2_20min_gaussian_win_5,5,_win,gaussian,nasa_battery_2_20min
5,3,5,2,7,6,5,2,3,8,6,4,1.0,0.56,41,15,ga_nasa_battery_2_20min_gaussian_wfn_bfn_5,5,_wfn_bfn,gaussian,nasa_battery_2_20min
6,3,9,3,7,4,3,2,2,4,6,6,1.0,0.55,34,21,ga_nasa_battery_2_20min_gaussian_win_bfn_5,5,_win_bfn,gaussian,nasa_battery_2_20min
5,3,5,2,7,6,5,2,3,8,6,4,1.0,0.56,41,15,ga_nasa_battery_2_20min_gaussian_wfn_bin_5,5,_wfn_bin,gaussian,nasa_battery_2_20min
6,3,9,3,7,4,3,2,2,4,6,6,1.0,0.55,34,21,ga_nasa_battery_2_20min_gaussian_win_bin_5,5,_win_bin,gaussian,nasa_battery_2_20min
8,3,3,4,4,7,9,2,4,3,6,1,1.0,0.54,36,18,ga_nasa_battery_2_20min_gaussian_5,5,,gaussian,nasa_battery_2_20min
5,2,7,5,2,6,2,7,4,6,4,4,1.0,0.54,35,19,ga_nasa_battery_2_20min_adam_wfn_6,6,_wfn,adam,nasa_battery_2_20min
4,3,4,5,4,6,4,4,6,5,3,2,1.0,0.5,34,16,ga_nasa_battery_2_20min_adam_win_6,6,_win,adam,nasa_battery_2_20min
5,2,7,5,2,6,2,7,4,6,4,4,1.0,0.54,35,19,ga_nasa_battery_2_20min_adam_wfn_bfn_6,6,_wfn_bfn,adam,nasa_battery_2_20min
4,3,4,5,4,6,4,4,6,5,3,2,1.0,0.5,34,16,ga_nasa_battery_2_20min_adam_win_bfn_6,6,_win_bfn,adam,nasa_battery_2_20min
5,2,7,5,2,6,2,7,4,6,4,4,1.0,0.54,35,19,ga_nasa_battery_2_20min_adam_wfn_bin_6,6,_wfn_bin,adam,nasa_battery_2_20min
4,3,4,5,4,6,4,4,6,5,3,2,1.0,0.5,34,16,ga_nasa_battery_2_20min_adam_win_bin_6,6,_win_bin,adam,nasa_battery_2_20min
4,7,10,4,9,1,2,3,5,3,2,3,1.0,0.53,28,25,ga_nasa_battery_2_20min_gaussian_wfn_6,6,_wfn,gaussian,nasa_battery_2_20min
8,6,3,4,3,6,1,3,5,3,6,3,0.8,0.51,30,21,ga_nasa_battery_2_20min_gaussian_win_6,6,_win,gaussian,nasa_battery_2_20min
4,7,10,4,9,1,2,3,5,3,2,3,1.0,0.53,28,25,ga_nasa_battery_2_20min_gaussian_wfn_bfn_6,6,_wfn_bfn,gaussian,nasa_battery_2_20min
8,6,3,4,3,6,1,3,5,3,6,3,0.8,0.51,30,21,ga_nasa_battery_2_20min_gaussian_win_bfn_6,6,_win_bfn,gaussian,nasa_battery_2_20min
4,7,10,4,9,1,2,3,5,3,2,3,1.0,0.53,28,25,ga_nasa_battery_2_20min_gaussian_wfn_bin_6,6,_wfn_bin,gaussian,nasa_battery_2_20min
8,6,3,4,3,6,1,3,5,3,6,3,0.8,0.51,30,21,ga_nasa_battery_2_20min_gaussian_win_bin_6,6,_win_bin,gaussian,nasa_battery_2_20min
2,2,4,10,3,6,4,5,4,2,6,6,1.0,0.54,36,18,ga_nasa_battery_2_20min_gaussian_6,6,,gaussian,nasa_battery_2_20min
6,4,5,5,5,7,3,3,3,4,2,7,1.0,0.54,34,20,ga_nasa_battery_2_20min_adam_wfn_7,7,_wfn,adam,nasa_battery_2_20min
2,11,1,6,6,4,1,8,3,5,4,2,1.0,0.53,33,20,ga_nasa_battery_2_20min_adam_win_7,7,_win,adam,nasa_battery_2_20min
6,4,5,5,5,7,3,3,3,4,2,7,1.0,0.54,34,20,ga_nasa_battery_2_20min_adam_wfn_bfn_7,7,_wfn_bfn,adam,nasa_battery_2_20min
2,11,1,6,6,4,1,8,3,5,4,2,1.0,0.53,33,20,ga_nasa_battery_2_20min_adam_win_bfn_7,7,_win_bfn,adam,nasa_battery_2_20min
6,4,5,5,5,7,3,3,3,4,2,7,1.0,0.54,34,20,ga_nasa_battery_2_20min_adam_wfn_bin_7,7,_wfn_bin,adam,nasa_battery_2_20min
2,11,1,6,6,4,1,8,3,5,4,2,1.0,0.53,33,20,ga_nasa_battery_2_20min_adam_win_bin_7,7,_win_bin,adam,nasa_battery_2_20min
4,2,5,1,5,4,4,4,4,6,6,5,1.0,0.5,38,12,ga_nasa_battery_2_20min_gaussian_wfn_7,7,_wfn,gaussian,nasa_battery_2_20min
2,4,3,0,1,5,6,10,7,4,0,9,1.0,0.51,42,9,ga_nasa_battery_2_20min_gaussian_win_7,7,_win,gaussian,nasa_battery_2_20min
4,2,5,1,5,4,4,4,4,6,6,5,1.0,0.5,38,12,ga_nasa_battery_2_20min_gaussian_wfn_bfn_7,7,_wfn_bfn,gaussian,nasa_battery_2_20min
2,4,3,0,1,5,6,10,7,4,0,9,1.0,0.51,42,9,ga_nasa_battery_2_20min_gaussian_win_bfn_7,7,_win_bfn,gaussian,nasa_battery_2_20min
4,2,5,1,5,4,4,4,4,6,6,5,1.0,0.5,38,12,ga_nasa_battery_2_20min_gaussian_wfn_bin_7,7,_wfn_bin,gaussian,nasa_battery_2_20min
2,4,3,0,1,5,6,10,7,4,0,9,1.0,0.51,42,9,ga_nasa_battery_2_20min_gaussian_win_bin_7,7,_win_bin,gaussian,nasa_battery_2_20min
5,4,6,2,4,7,3,5,3,6,5,4,1.0,0.54,37,17,ga_nasa_battery_2_20min_gaussian_7,7,,gaussian,nasa_battery_2_20min
2,5,3,3,2,4,3,6,4,6,3,10,1.0,0.51,38,13,ga_nasa_battery_2_20min_adam_wfn_8,8,_wfn,adam,nasa_battery_2_20min
5,2,2,5,1,5,4,6,5,3,5,3,1.0,0.46,32,14,ga_nasa_battery_2_20min_adam_win_8,8,_win,adam,nasa_battery_2_20min
2,5,3,3,2,4,3,6,4,6,3,10,1.0,0.51,38,13,ga_nasa_battery_2_20min_adam_wfn_bfn_8,8,_wfn_bfn,adam,nasa_battery_2_20min
5,2,2,5,1,5,4,6,5,3,5,3,1.0,0.46,32,14,ga_nasa_battery_2_20min_adam_win_bfn_8,8,_win_bfn,adam,nasa_battery_2_20min
2,5,3,3,2,4,3,6,4,6,3,10,1.0,0.51,38,13,ga_nasa_battery_2_20min_adam_wfn_bin_8,8,_wfn_bin,adam,nasa_battery_2_20min
5,2,2,5,1,5,4,6,5,3,5,3,1.0,0.46,32,14,ga_nasa_battery_2_20min_adam_win_bin_8,8,_win_bin,adam,nasa_battery_2_20min
6,5,2,2,3,1,2,5,8,5,5,6,0.8,0.5,35,15,ga_nasa_battery_2_20min_gaussian_wfn_8,8,_wfn,gaussian,nasa_battery_2_20min
4,4,3,9,5,4,4,4,5,5,5,4,1.0,0.56,36,20,ga_nasa_battery_2_20min_gaussian_win_8,8,_win,gaussian,nasa_battery_2_20min
6,5,2,2,3,1,2,5,8,5,5,6,0.8,0.5,35,15,ga_nasa_battery_2_20min_gaussian_wfn_bfn_8,8,_wfn_bfn,gaussian,nasa_battery_2_20min
4,4,3,9,5,4,4,4,5,5,5,4,1.0,0.56,36,20,ga_nasa_battery_2_20min_gaussian_win_bfn_8,8,_win_bfn,gaussian,nasa_battery_2_20min
6,5,2,2,3,1,2,5,8,5,5,6,0.8,0.5,35,15,ga_nasa_battery_2_20min_gaussian_wfn_bin_8,8,_wfn_bin,gaussian,nasa_battery_2_20min
4,4,3,9,5,4,4,4,5,5,5,4,1.0,0.56,36,20,ga_nasa_battery_2_20min_gaussian_win_bin_8,8,_win_bin,gaussian,nasa_battery_2_20min
6,3,5,3,5,4,6,6,5,2,3,3,1.0,0.51,34,17,ga_nasa_battery_2_20min_gaussian_8,8,,gaussian,nasa_battery_2_20min
5,10,4,8,6,4,2,4,5,3,5,6,1.0,0.62,35,27,ga_nasa_battery_2_20min_adam_wfn_9,9,_wfn,adam,nasa_battery_2_20min
7,5,2,6,8,3,6,2,6,3,3,2,1.0,0.53,33,20,ga_nasa_battery_2_20min_adam_win_9,9,_win,adam,nasa_battery_2_20min
5,10,4,8,6,4,2,4,5,3,5,6,1.0,0.62,35,27,ga_nasa_battery_2_20min_adam_wfn_bfn_9,9,_wfn_bfn,adam,nasa_battery_2_20min
7,5,2,6,8,3,6,2,6,3,3,2,1.0,0.53,33,20,ga_nasa_battery_2_20min_adam_win_bfn_9,9,_win_bfn,adam,nasa_battery_2_20min
5,10,4,8,6,4,2,4,5,3,5,6,1.0,0.62,35,27,ga_nasa_battery_2_20min_adam_wfn_bin_9,9,_wfn_bin,adam,nasa_battery_2_20min
7,5,2,6,8,3,6,2,6,3,3,2,1.0,0.53,33,20,ga_nasa_battery_2_20min_adam_win_bin_9,9,_win_bin,adam,nasa_battery_2_20min
2,5,3,5,3,1,6,6,3,9,2,4,0.8,0.49,34,15,ga_nasa_battery_2_20min_gaussian_wfn_9,9,_wfn,gaussian,nasa_battery_2_20min
4,4,7,6,7,5,3,5,3,3,2,5,1.0,0.54,33,21,ga_nasa_battery_2_20min_gaussian_win_9,9,_win,gaussian,nasa_battery_2_20min
2,5,3,5,3,1,6,6,3,9,2,4,0.8,0.49,34,15,ga_nasa_battery_2_20min_gaussian_wfn_bfn_9,9,_wfn_bfn,gaussian,nasa_battery_2_20min
4,4,7,6,7,5,3,5,3,3,2,5,1.0,0.54,33,21,ga_nasa_battery_2_20min_gaussian_win_bfn_9,9,_win_bfn,gaussian,nasa_battery_2_20min
2,5,3,5,3,1,6,6,3,9,2,4,0.8,0.49,34,15,ga_nasa_battery_2_20min_gaussian_wfn_bin_9,9,_wfn_bin,gaussian,nasa_battery_2_20min
4,4,7,6,7,5,3,5,3,3,2,5,1.0,0.54,33,21,ga_nasa_battery_2_20min_gaussian_win_bin_9,9,_win_bin,gaussian,nasa_battery_2_20min
4,10,4,2,4,2,2,6,3,8,7,2,0.8,0.54,34,20,ga_nasa_battery_2_20min_gaussian_9,9,,gaussian,nasa_battery_2_20min
5,5,4,6,3,1,6,3,5,3,7,6,1.0,0.54,34,20,ga_nasa_battery_2_20min_adam_wfn_10,10,_wfn,adam,nasa_battery_2_20min
4,5,4,5,4,3,3,4,5,4,6,4,1.0,0.51,33,18,ga_nasa_battery_2_20min_adam_win_10,10,_win,adam,nasa_battery_2_20min
5,5,4,6,3,1,6,3,5,3,7,6,1.0,0.54,34,20,ga_nasa_battery_2_20min_adam_wfn_bfn_10,10,_wfn_bfn,adam,nasa_battery_2_20min
4,5,4,5,4,3,3,4,5,4,6,4,1.0,0.51,33,18,ga_nasa_battery_2_20min_adam_win_bfn_10,10,_win_bfn,adam,nasa_battery_2_20min
5,5,4,6,3,1,6,3,5,3,7,6,1.0,0.54,34,20,ga_nasa_battery_2_20min_adam_wfn_bin_10,10,_wfn_bin,adam,nasa_battery_2_20min
4,5,4,5,4,3,3,4,5,4,6,4,1.0,0.51,33,18,ga_nasa_battery_2_20min_adam_win_bin_10,10,_win_bin,adam,nasa_battery_2_20min
6,8,2,2,2,5,6,5,4,2,5,4,1.0,0.51,33,18,ga_nasa_battery_2_20min_gaussian_wfn_10,10,_wfn,gaussian,nasa_battery_2_20min
2,5,6,2,5,5,2,5,4,8,5,6,1.0,0.55,40,15,ga_nasa_battery_2_20min_gaussian_win_10,10,_win,gaussian,nasa_battery_2_20min
6,8,2,2,2,5,6,5,4,2,5,4,1.0,0.51,33,18,ga_nasa_battery_2_20min_gaussian_wfn_bfn_10,10,_wfn_bfn,gaussian,nasa_battery_2_20min
2,5,6,2,5,5,2,5,4,8,5,6,1.0,0.55,40,15,ga_nasa_battery_2_20min_gaussian_win_bfn_10,10,_win_bfn,gaussian,nasa_battery_2_20min
6,8,2,2,2,5,6,5,4,2,5,4,1.0,0.51,33,18,ga_nasa_battery_2_20min_gaussian_wfn_bin_10,10,_wfn_bin,gaussian,nasa_battery_2_20min
2,5,6,2,5,5,2,5,4,8,5,6,1.0,0.55,40,15,ga_nasa_battery_2_20min_gaussian_win_bin_10,10,_win_bin,gaussian,nasa_battery_2_20min
6,4,3,4,5,9,3,3,4,4,5,5,1.0,0.55,38,17,ga_nasa_battery_2_20min_gaussian_10,10,,gaussian,nasa_battery_2_20min
6,2,9,2,6,10,5,2,5,4,7,2,1.0,0.6,41,19,ga_nasa_battery_2_20min_adam_wfn_11,11,_wfn,adam,nasa_battery_2_20min
2,8,5,4,6,3,4,3,8,6,4,4,1.0,0.57,38,19,ga_nasa_battery_2_20min_adam_win_11,11,_win,adam,nasa_battery_2_20min
6,2,9,2,6,10,5,2,5,4,7,2,1.0,0.6,41,19,ga_nasa_battery_2_20min_adam_wfn_bfn_11,11,_wfn_bfn,adam,nasa_battery_2_20min
2,8,5,4,6,3,4,3,8,6,4,4,1.0,0.57,38,19,ga_nasa_battery_2_20min_adam_win_bfn_11,11,_win_bfn,adam,nasa_battery_2_20min
6,2,9,2,6,10,5,2,5,4,7,2,1.0,0.6,41,19,ga_nasa_battery_2_20min_adam_wfn_bin_11,11,_wfn_bin,adam,nasa_battery_2_20min
2,8,5,4,6,3,4,3,8,6,4,4,1.0,0.57,38,19,ga_nasa_battery_2_20min_adam_win_bin_11,11,_win_bin,adam,nasa_battery_2_20min
3,4,0,3,6,3,4,5,7,4,2,9,1.0,0.5,40,10,ga_nasa_battery_2_20min_gaussian_wfn_11,11,_wfn,gaussian,nasa_battery_2_20min
5,3,8,2,0,2,7,4,8,5,5,3,1.0,0.52,34,18,ga_nasa_battery_2_20min_gaussian_win_11,11,_win,gaussian,nasa_battery_2_20min
3,4,0,3,6,3,4,5,7,4,2,9,1.0,0.5,40,10,ga_nasa_battery_2_20min_gaussian_wfn_bfn_11,11,_wfn_bfn,gaussian,nasa_battery_2_20min
5,3,8,2,0,2,7,4,8,5,5,3,1.0,0.52,34,18,ga_nasa_battery_2_20min_gaussian_win_bfn_11,11,_win_bfn,gaussian,nasa_battery_2_20min
3,4,0,3,6,3,4,5,7,4,2,9,1.0,0.5,40,10,ga_nasa_battery_2_20min_gaussian_wfn_bin_11,11,_wfn_bin,gaussian,nasa_battery_2_20min
5,3,8,2,0,2,7,4,8,5,5,3,1.0,0.52,34,18,ga_nasa_battery_2_20min_gaussian_win_bin_11,11,_win_bin,gaussian,nasa_battery_2_20min
5,3,1,6,4,5,4,2,5,8,8,3,1.0,0.54,39,15,ga_nasa_battery_2_20min_gaussian_11,11,,gaussian,nasa_battery_2_20min
4,7,5,5,3,5,4,3,8,5,2,1,1.0,0.52,31,21,ga_nasa_battery_2_20min_adam_wfn_12,12,_wfn,adam,nasa_battery_2_20min
9,5,3,2,7,7,1,6,4,1,9,3,1.0,0.57,38,19,ga_nasa_battery_2_20min_adam_win_12,12,_win,adam,nasa_battery_2_20min
4,7,5,5,3,5,4,3,8,5,2,1,1.0,0.52,31,21,ga_nasa_battery_2_20min_adam_wfn_bfn_12,12,_wfn_bfn,adam,nasa_battery_2_20min
9,5,3,2,7,7,1,6,4,1,9,3,1.0,0.57,38,19,ga_nasa_battery_2_20min_adam_win_bfn_12,12,_win_bfn,adam,nasa_battery_2_20min
4,7,5,5,3,5,4,3,8,5,2,1,1.0,0.52,31,21,ga_nasa_battery_2_20min_adam_wfn_bin_12,12,_wfn_bin,adam,nasa_battery_2_20min
9,5,3,2,7,7,1,6,4,1,9,3,1.0,0.57,38,19,ga_nasa_battery_2_20min_adam_win_bin_12,12,_win_bin,adam,nasa_battery_2_20min
4,2,4,6,4,6,5,5,8,5,2,5,1.0,0.56,40,16,ga_nasa_battery_2_20min_gaussian_wfn_12,12,_wfn,gaussian,nasa_battery_2_20min
3,3,3,3,2,4,4,7,6,7,5,4,1.0,0.51,39,12,ga_nasa_battery_2_20min_gaussian_win_12,12,_win,gaussian,nasa_battery_2_20min
4,2,4,6,4,6,5,5,8,5,2,5,1.0,0.56,40,16,ga_nasa_battery_2_20min_gaussian_wfn_bfn_12,12,_wfn_bfn,gaussian,nasa_battery_2_20min
3,3,3,3,2,4,4,7,6,7,5,4,1.0,0.51,39,12,ga_nasa_battery_2_20min_gaussian_win_bfn_12,12,_win_bfn,gaussian,nasa_battery_2_20min
4,2,4,6,4,6,5,5,8,5,2,5,1.0,0.56,40,16,ga_nasa_battery_2_20min_gaussian_wfn_bin_12,12,_wfn_bin,gaussian,nasa_battery_2_20min
3,3,3,3,2,4,4,7,6,7,5,4,1.0,0.51,39,12,ga_nasa_battery_2_20min_gaussian_win_bin_12,12,_win_bin,gaussian,nasa_battery_2_20min
6,2,4,2,4,7,8,4,6,3,1,4,1.0,0.51,37,14,ga_nasa_battery_2_20min_gaussian_12,12,,gaussian,nasa_battery_2_20min
7,6,6,5,3,1,2,1,9,5,6,2,1.0,0.53,29,24,ga_nasa_battery_2_20min_adam_wfn_13,13,_wfn,adam,nasa_battery_2_20min
5,4,6,6,4,5,8,2,6,4,6,3,1.0,0.59,38,21,ga_nasa_battery_2_20min_adam_win_13,13,_win,adam,nasa_battery_2_20min
7,6,6,5,3,1,2,1,9,5,6,2,1.0,0.53,29,24,ga_nasa_battery_2_20min_adam_wfn_bfn_13,13,_wfn_bfn,adam,nasa_battery_2_20min
5,4,6,6,4,5,8,2,6,4,6,3,1.0,0.59,38,21,ga_nasa_battery_2_20min_adam_win_bfn_13,13,_win_bfn,adam,nasa_battery_2_20min
7,6,6,5,3,1,2,1,9,5,6,2,1.0,0.53,29,24,ga_nasa_battery_2_20min_adam_wfn_bin_13,13,_wfn_bin,adam,nasa_battery_2_20min
5,4,6,6,4,5,8,2,6,4,6,3,1.0,0.59,38,21,ga_nasa_battery_2_20min_adam_win_bin_13,13,_win_bin,adam,nasa_battery_2_20min
7,3,3,4,6,3,4,3,3,6,3,7,1.0,0.52,35,17,ga_nasa_battery_2_20min_gaussian_wfn_13,13,_wfn,gaussian,nasa_battery_2_20min
5,6,6,6,4,5,3,5,4,3,7,3,1.0,0.57,34,23,ga_nasa_battery_2_20min_gaussian_win_13,13,_win,gaussian,nasa_battery_2_20min
7,3,3,4,6,3,4,3,3,6,3,7,1.0,0.52,35,17,ga_nasa_battery_2_20min_gaussian_wfn_bfn_13,13,_wfn_bfn,gaussian,nasa_battery_2_20min
5,6,6,6,4,5,3,5,4,3,7,3,1.0,0.57,34,23,ga_nasa_battery_2_20min_gaussian_win_bfn_13,13,_win_bfn,gaussian,nasa_battery_2_20min
7,3,3,4,6,3,4,3,3,6,3,7,1.0,0.52,35,17,ga_nasa_battery_2_20min_gaussian_wfn_bin_13,13,_wfn_bin,gaussian,nasa_battery_2_20min
5,6,6,6,4,5,3,5,4,3,7,3,1.0,0.57,34,23,ga_nasa_battery_2_20min_gaussian_win_bin_13,13,_win_bin,gaussian,nasa_battery_2_20min
9,4,4,5,2,5,2,1,5,2,4,8,1.0,0.51,29,22,ga_nasa_battery_2_20min_gaussian_13,13,,gaussian,nasa_battery_2_20min
5,7,4,2,5,5,4,3,3,6,4,5,1.0,0.53,35,18,ga_nasa_battery_2_20min_adam_wfn_14,14,_wfn,adam,nasa_battery_2_20min
3,4,1,4,4,7,2,3,6,6,5,5,0.8,0.5,38,12,ga_nasa_battery_2_20min_adam_win_14,14,_win,adam,nasa_battery_2_20min
5,7,4,2,5,5,4,3,3,6,4,5,1.0,0.53,35,18,ga_nasa_battery_2_20min_adam_wfn_bfn_14,14,_wfn_bfn,adam,nasa_battery_2_20min
3,4,1,4,4,7,2,3,6,6,5,5,0.8,0.5,38,12,ga_nasa_battery_2_20min_adam_win_bfn_14,14,_win_bfn,adam,nasa_battery_2_20min
5,7,4,2,5,5,4,3,3,6,4,5,1.0,0.53,35,18,ga_nasa_battery_2_20min_adam_wfn_bin_14,14,_wfn_bin,adam,nasa_battery_2_20min
3,4,1,4,4,7,2,3,6,6,5,5,0.8,0.5,38,12,ga_nasa_battery_2_20min_adam_win_bin_14,14,_win_bin,adam,nasa_battery_2_20min
3,7,6,4,5,4,2,4,4,4,3,4,1.0,0.5,30,20,ga_nasa_battery_2_20min_gaussian_wfn_14,14,_wfn,gaussian,nasa_battery_2_20min
5,5,3,4,5,3,7,7,5,6,2,4,1.0,0.56,39,17,ga_nasa_battery_2_20min_gaussian_win_14,14,_win,gaussian,nasa_battery_2_20min
3,7,6,4,5,4,2,4,4,4,3,4,1.0,0.5,30,20,ga_nasa_battery_2_20min_gaussian_wfn_bfn_14,14,_wfn_bfn,gaussian,nasa_battery_2_20min
5,5,3,4,5,3,7,7,5,6,2,4,1.0,0.56,39,17,ga_nasa_battery_2_20min_gaussian_win_bfn_14,14,_win_bfn,gaussian,nasa_battery_2_20min
3,7,6,4,5,4,2,4,4,4,3,4,1.0,0.5,30,20,ga_nasa_battery_2_20min_gaussian_wfn_bin_14,14,_wfn_bin,gaussian,nasa_battery_2_20min
5,5,3,4,5,3,7,7,5,6,2,4,1.0,0.56,39,17,ga_nasa_battery_2_20min_gaussian_win_bin_14,14,_win_bin,gaussian,nasa_battery_2_20min
5,4,3,3,9,3,1,2,5,4,7,5,1.0,0.51,36,15,ga_nasa_battery_2_20min_gaussian_14,14,,gaussian,nasa_battery_2_20min
11,6,0,5,3,1,4,4,6,3,3,6,1.0,0.52,30,22,ga_nasa_battery_2_20min_adam_wfn_15,15,_wfn,adam,nasa_battery_2_20min
3,13,4,4,2,4,6,5,5,3,3,4,1.0,0.56,32,24,ga_nasa_battery_2_20min_adam_win_15,15,_win,adam,nasa_battery_2_20min
11,6,0,5,3,1,4,4,6,3,3,6,1.0,0.52,30,22,ga_nasa_battery_2_20min_adam_wfn_bfn_15,15,_wfn_bfn,adam,nasa_battery_2_20min
3,13,4,4,2,4,6,5,5,3,3,4,1.0,0.56,32,24,ga_nasa_battery_2_20min_adam_win_bfn_15,15,_win_bfn,adam,nasa_battery_2_20min
11,6,0,5,3,1,4,4,6,3,3,6,1.0,0.52,30,22,ga_nasa_battery_2_20min_adam_wfn_bin_15,15,_wfn_bin,adam,nasa_battery_2_20min
3,13,4,4,2,4,6,5,5,3,3,4,1.0,0.56,32,24,ga_nasa_battery_2_20min_adam_win_bin_15,15,_win_bin,adam,nasa_battery_2_20min
3,4,8,3,6,7,5,6,4,6,5,6,1.0,0.63,45,18,ga_nasa_battery_2_20min_gaussian_wfn_15,15,_wfn,gaussian,nasa_battery_2_20min
4,1,10,2,5,8,5,5,6,3,2,6,1.0,0.57,40,17,ga_nasa_battery_2_20min_gaussian_win_15,15,_win,gaussian,nasa_battery_2_20min
3,4,8,3,6,7,5,6,4,6,5,6,1.0,0.63,45,18,ga_nasa_battery_2_20min_gaussian_wfn_bfn_15,15,_wfn_bfn,gaussian,nasa_battery_2_20min
4,1,10,2,5,8,5,5,6,3,2,6,1.0,0.57,40,17,ga_nasa_battery_2_20min_gaussian_win_bfn_15,15,_win_bfn,gaussian,nasa_battery_2_20min
3,4,8,3,6,7,5,6,4,6,5,6,1.0,0.63,45,18,ga_nasa_battery_2_20min_gaussian_wfn_bin_15,15,_wfn_bin,gaussian,nasa_battery_2_20min
4,1,10,2,5,8,5,5,6,3,2,6,1.0,0.57,40,17,ga_nasa_battery_2_20min_gaussian_win_bin_15,15,_win_bin,gaussian,nasa_battery_2_20min
10,3,4,5,4,5,2,5,4,4,8,3,0.8,0.57,35,22,ga_nasa_battery_2_20min_gaussian_15,15,,gaussian,nasa_battery_2_20min
10,6,8,1,5,8,1,5,6,5,2,4,1.0,0.61,36,25,ga_nasa_battery_2_20min_adam_wfn_16,16,_wfn,adam,nasa_battery_2_20min
4,3,2,4,5,5,5,6,3,3,5,4,0.8,0.49,36,13,ga_nasa_battery_2_20min_adam_win_16,16,_win,adam,nasa_battery_2_20min
10,6,8,1,5,8,1,5,6,5,2,4,1.0,0.61,36,25,ga_nasa_battery_2_20min_adam_wfn_bfn_16,16,_wfn_bfn,adam,nasa_battery_2_20min
4,3,2,4,5,5,5,6,3,3,5,4,0.8,0.49,36,13,ga_nasa_battery_2_20min_adam_win_bfn_16,16,_win_bfn,adam,nasa_battery_2_20min
10,6,8,1,5,8,1,5,6,5,2,4,1.0,0.61,36,25,ga_nasa_battery_2_20min_adam_wfn_bin_16,16,_wfn_bin,adam,nasa_battery_2_20min
4,3,2,4,5,5,5,6,3,3,5,4,0.8,0.49,36,13,ga_nasa_battery_2_20min_adam_win_bin_16,16,_win_bin,adam,nasa_battery_2_20min
5,5,3,4,4,5,3,6,9,3,3,7,1.0,0.57,40,17,ga_nasa_battery_2_20min_gaussian_wfn_16,16,_wfn,gaussian,nasa_battery_2_20min
8,4,3,4,7,3,2,3,3,4,6,2,1.0,0.49,30,19,ga_nasa_battery_2_20min_gaussian_win_16,16,_win,gaussian,nasa_battery_2_20min
5,5,3,4,4,5,3,6,9,3,3,7,1.0,0.57,40,17,ga_nasa_battery_2_20min_gaussian_wfn_bfn_16,16,_wfn_bfn,gaussian,nasa_battery_2_20min
8,4,3,4,7,3,2,3,3,4,6,2,1.0,0.49,30,19,ga_nasa_battery_2_20min_gaussian_win_bfn_16,16,_win_bfn,gaussian,nasa_battery_2_20min
5,5,3,4,4,5,3,6,9,3,3,7,1.0,0.57,40,17,ga_nasa_battery_2_20min_gaussian_wfn_bin_16,16,_wfn_bin,gaussian,nasa_battery_2_20min
8,4,3,4,7,3,2,3,3,4,6,2,1.0,0.49,30,19,ga_nasa_battery_2_20min_gaussian_win_bin_16,16,_win_bin,gaussian,nasa_battery_2_20min
8,3,2,4,7,4,4,8,1,2,6,2,1.0,0.51,34,17,ga_nasa_battery_2_20min_gaussian_16,16,,gaussian,nasa_battery_2_20min
3,3,8,6,2,4,6,6,10,3,4,1,1.0,0.56,36,20,ga_nasa_battery_2_20min_adam_wfn_17,17,_wfn,adam,nasa_battery_2_20min
3,6,7,4,3,2,5,4,6,3,6,6,1.0,0.55,35,20,ga_nasa_battery_2_20min_adam_win_17,17,_win,adam,nasa_battery_2_20min
3,3,8,6,2,4,6,6,10,3,4,1,1.0,0.56,36,20,ga_nasa_battery_2_20min_adam_wfn_bfn_17,17,_wfn_bfn,adam,nasa_battery_2_20min
3,6,7,4,3,2,5,4,6,3,6,6,1.0,0.55,35,20,ga_nasa_battery_2_20min_adam_win_bfn_17,17,_win_bfn,adam,nasa_battery_2_20min
3,3,8,6,2,4,6,6,10,3,4,1,1.0,0.56,36,20,ga_nasa_battery_2_20min_adam_wfn_bin_17,17,_wfn_bin,adam,nasa_battery_2_20min
3,6,7,4,3,2,5,4,6,3,6,6,1.0,0.55,35,20,ga_nasa_battery_2_20min_adam_win_bin_17,17,_win_bin,adam,nasa_battery_2_20min
5,7,7,6,7,5,1,3,4,2,5,6,0.8,0.58,33,25,ga_nasa_battery_2_20min_gaussian_wfn_17,17,_wfn,gaussian,nasa_battery_2_20min
9,3,7,0,3,6,5,2,3,7,6,4,1.0,0.55,36,19,ga_nasa_battery_2_20min_gaussian_win_17,17,_win,gaussian,nasa_battery_2_20min
5,7,7,6,7,5,1,3,4,2,5,6,0.8,0.58,33,25,ga_nasa_battery_2_20min_gaussian_wfn_bfn_17,17,_wfn_bfn,gaussian,nasa_battery_2_20min
9,3,7,0,3,6,5,2,3,7,6,4,1.0,0.55,36,19,ga_nasa_battery_2_20min_gaussian_win_bfn_17,17,_win_bfn,gaussian,nasa_battery_2_20min
5,7,7,6,7,5,1,3,4,2,5,6,0.8,0.58,33,25,ga_nasa_battery_2_20min_gaussian_wfn_bin_17,17,_wfn_bin,gaussian,nasa_battery_2_20min
9,3,7,0,3,6,5,2,3,7,6,4,1.0,0.55,36,19,ga_nasa_battery_2_20min_gaussian_win_bin_17,17,_win_bin,gaussian,nasa_battery_2_20min
4,6,8,3,5,2,6,4,3,5,5,4,1.0,0.55,34,21,ga_nasa_battery_2_20min_gaussian_17,17,,gaussian,nasa_battery_2_20min
7,2,8,4,6,5,4,4,1,3,5,4,1.0,0.53,32,21,ga_nasa_battery_2_20min_adam_wfn_18,18,_wfn,adam,nasa_battery_2_20min
5,4,5,3,4,5,2,5,4,2,8,3,1.0,0.5,33,17,ga_nasa_battery_2_20min_adam_win_18,18,_win,adam,nasa_battery_2_20min
7,2,8,4,6,5,4,4,1,3,5,4,1.0,0.53,32,21,ga_nasa_battery_2_20min_adam_wfn_bfn_18,18,_wfn_bfn,adam,nasa_battery_2_20min
5,4,5,3,4,5,2,5,4,2,8,3,1.0,0.5,33,17,ga_nasa_battery_2_20min_adam_win_bfn_18,18,_win_bfn,adam,nasa_battery_2_20min
7,2,8,4,6,5,4,4,1,3,5,4,1.0,0.53,32,21,ga_nasa_battery_2_20min_adam_wfn_bin_18,18,_wfn_bin,adam,nasa_battery_2_20min
5,4,5,3,4,5,2,5,4,2,8,3,1.0,0.5,33,17,ga_nasa_battery_2_20min_adam_win_bin_18,18,_win_bin,adam,nasa_battery_2_20min
4,5,2,11,3,5,4,3,3,4,6,3,1.0,0.53,31,22,ga_nasa_battery_2_20min_gaussian_wfn_18,18,_wfn,gaussian,nasa_battery_2_20min
5,5,3,6,6,5,3,3,7,5,7,4,1.0,0.59,40,19,ga_nasa_battery_2_20min_gaussian_win_18,18,_win,gaussian,nasa_battery_2_20min
4,5,2,11,3,5,4,3,3,4,6,3,1.0,0.53,31,22,ga_nasa_battery_2_20min_gaussian_wfn_bfn_18,18,_wfn_bfn,gaussian,nasa_battery_2_20min
5,5,3,6,6,5,3,3,7,5,7,4,1.0,0.59,40,19,ga_nasa_battery_2_20min_gaussian_win_bfn_18,18,_win_bfn,gaussian,nasa_battery_2_20min
4,5,2,11,3,5,4,3,3,4,6,3,1.0,0.53,31,22,ga_nasa_battery_2_20min_gaussian_wfn_bin_18,18,_wfn_bin,gaussian,nasa_battery_2_20min
5,5,3,6,6,5,3,3,7,5,7,4,1.0,0.59,40,19,ga_nasa_battery_2_20min_gaussian_win_bin_18,18,_win_bin,gaussian,nasa_battery_2_20min
7,2,4,2,10,2,2,3,5,1,10,5,1.0,0.53,38,15,ga_nasa_battery_2_20min_gaussian_18,18,,gaussian,nasa_battery_2_20min
8,9,6,5,7,3,2,3,3,4,3,1,1.0,0.54,26,28,ga_nasa_battery_2_20min_adam_wfn_19,19,_wfn,adam,nasa_battery_2_20min
7,2,5,4,5,4,2,3,5,6,4,2,1.0,0.49,31,18,ga_nasa_battery_2_20min_adam_win_19,19,_win,adam,nasa_battery_2_20min
8,9,6,5,7,3,2,3,3,4,3,1,1.0,0.54,26,28,ga_nasa_battery_2_20min_adam_wfn_bfn_19,19,_wfn_bfn,adam,nasa_battery_2_20min
7,2,5,4,5,4,2,3,5,6,4,2,1.0,0.49,31,18,ga_nasa_battery_2_20min_adam_win_bfn_19,19,_win_bfn,adam,nasa_battery_2_20min
8,9,6,5,7,3,2,3,3,4,3,1,1.0,0.54,26,28,ga_nasa_battery_2_20min_adam_wfn_bin_19,19,_wfn_bin,adam,nasa_battery_2_20min
7,2,5,4,5,4,2,3,5,6,4,2,1.0,0.49,31,18,ga_nasa_battery_2_20min_adam_win_bin_19,19,_win_bin,adam,nasa_battery_2_20min
3,6,5,7,4,2,2,4,2,6,6,4,1.0,0.51,30,21,ga_nasa_battery_2_20min_gaussian_wfn_19,19,_wfn,gaussian,nasa_battery_2_20min
3,2,2,6,7,6,0,6,6,3,4,5,1.0,0.5,37,13,ga_nasa_battery_2_20min_gaussian_win_19,19,_win,gaussian,nasa_battery_2_20min
3,6,5,7,4,2,2,4,2,6,6,4,1.0,0.51,30,21,ga_nasa_battery_2_20min_gaussian_wfn_bfn_19,19,_wfn_bfn,gaussian,nasa_battery_2_20min
3,2,2,6,7,6,0,6,6,3,4,5,1.0,0.5,37,13,ga_nasa_battery_2_20min_gaussian_win_bfn_19,19,_win_bfn,gaussian,nasa_battery_2_20min
3,6,5,7,4,2,2,4,2,6,6,4,1.0,0.51,30,21,ga_nasa_battery_2_20min_gaussian_wfn_bin_19,19,_wfn_bin,gaussian,nasa_battery_2_20min
3,2,2,6,7,6,0,6,6,3,4,5,1.0,0.5,37,13,ga_nasa_battery_2_20min_gaussian_win_bin_19,19,_win_bin,gaussian,nasa_battery_2_20min
5,5,5,2,7,4,2,2,7,4,5,4,1.0,0.52,35,17,ga_nasa_battery_2_20min_gaussian_19,19,,gaussian,nasa_battery_2_20min
7,7,6,4,3,4,8,3,6,5,6,2,1.0,0.61,37,24,ga_nasa_battery_2_20min_adam_wfn_20,20,_wfn,adam,nasa_battery_2_20min
4,3,5,3,3,5,8,3,4,6,8,3,1.0,0.55,40,15,ga_nasa_battery_2_20min_adam_win_20,20,_win,adam,nasa_battery_2_20min
7,7,6,4,3,4,8,3,6,5,6,2,1.0,0.61,37,24,ga_nasa_battery_2_20min_adam_wfn_bfn_20,20,_wfn_bfn,adam,nasa_battery_2_20min
4,3,5,3,3,5,8,3,4,6,8,3,1.0,0.55,40,15,ga_nasa_battery_2_20min_adam_win_bfn_20,20,_win_bfn,adam,nasa_battery_2_20min
7,7,6,4,3,4,8,3,6,5,6,2,1.0,0.61,37,24,ga_nasa_battery_2_20min_adam_wfn_bin_20,20,_wfn_bin,adam,nasa_battery_2_20min
4,3,5,3,3,5,8,3,4,6,8,3,1.0,0.55,40,15,ga_nasa_battery_2_20min_adam_win_bin_20,20,_win_bin,adam,nasa_battery_2_20min
8,10,5,3,3,2,2,4,3,3,8,4,1.0,0.55,29,26,ga_nasa_battery_2_20min_gaussian_wfn_20,20,_wfn,gaussian,nasa_battery_2_20min
6,3,5,3,2,0,4,5,5,5,6,6,1.0,0.5,33,17,ga_nasa_battery_2_20min_gaussian_win_20,20,_win,gaussian,nasa_battery_2_20min
8,10,5,3,3,2,2,4,3,3,8,4,1.0,0.55,29,26,ga_nasa_battery_2_20min_gaussian_wfn_bfn_20,20,_wfn_bfn,gaussian,nasa_battery_2_20min
6,3,5,3,2,0,4,5,5,5,6,6,1.0,0.5,33,17,ga_nasa_battery_2_20min_gaussian_win_bfn_20,20,_win_bfn,gaussian,nasa_battery_2_20min
8,10,5,3,3,2,2,4,3,3,8,4,1.0,0.55,29,26,ga_nasa_battery_2_20min_gaussian_wfn_bin_20,20,_wfn_bin,gaussian,nasa_battery_2_20min
6,3,5,3,2,0,4,5,5,5,6,6,1.0,0.5,33,17,ga_nasa_battery_2_20min_gaussian_win_bin_20,20,_win_bin,gaussian,nasa_battery_2_20min
4,7,9,3,3,1,5,4,7,2,3,3,1.0,0.51,28,23,ga_nasa_battery_2_20min_gaussian_20,20,,gaussian,nasa_battery_2_20min
5,5,5,6,4,5,5,8,3,9,3,3,0.8,0.61,40,21,ga_nasa_battery_2_20min_adam_wfn_21,21,_wfn,adam,nasa_battery_2_20min
1,2,2,7,6,2,5,8,5,4,7,3,1.0,0.52,40,12,ga_nasa_battery_2_20min_adam_win_21,21,_win,adam,nasa_battery_2_20min
5,5,5,6,4,5,5,8,3,9,3,3,0.8,0.61,40,21,ga_nasa_battery_2_20min_adam_wfn_bfn_21,21,_wfn_bfn,adam,nasa_battery_2_20min
1,2,2,7,6,2,5,8,5,4,7,3,1.0,0.52,40,12,ga_nasa_battery_2_20min_adam_win_bfn_21,21,_win_bfn,adam,nasa_battery_2_20min
5,5,5,6,4,5,5,8,3,9,3,3,0.8,0.61,40,21,ga_nasa_battery_2_20min_adam_wfn_bin_21,21,_wfn_bin,adam,nasa_battery_2_20min
1,2,2,7,6,2,5,8,5,4,7,3,1.0,0.52,40,12,ga_nasa_battery_2_20min_adam_win_bin_21,21,_win_bin,adam,nasa_battery_2_20min
3,8,3,4,1,6,6,3,6,5,3,6,1.0,0.54,36,18,ga_nasa_battery_2_20min_gaussian_wfn_21,21,_wfn,gaussian,nasa_battery_2_20min
6,7,6,5,5,5,4,4,3,6,3,4,1.0,0.58,34,24,ga_nasa_battery_2_20min_gaussian_win_21,21,_win,gaussian,nasa_battery_2_20min
3,8,3,4,1,6,6,3,6,5,3,6,1.0,0.54,36,18,ga_nasa_battery_2_20min_gaussian_wfn_bfn_21,21,_wfn_bfn,gaussian,nasa_battery_2_20min
6,7,6,5,5,5,4,4,3,6,3,4,1.0,0.58,34,24,ga_nasa_battery_2_20min_gaussian_win_bfn_21,21,_win_bfn,gaussian,nasa_battery_2_20min
3,8,3,4,1,6,6,3,6,5,3,6,1.0,0.54,36,18,ga_nasa_battery_2_20min_gaussian_wfn_bin_21,21,_wfn_bin,gaussian,nasa_battery_2_20min
6,7,6,5,5,5,4,4,3,6,3,4,1.0,0.58,34,24,ga_nasa_battery_2_20min_gaussian_win_bin_21,21,_win_bin,gaussian,nasa_battery_2_20min
6,4,5,4,6,4,2,7,3,3,5,4,0.8,0.53,34,19,ga_nasa_battery_2_20min_gaussian_21,21,,gaussian,nasa_battery_2_20min
5,7,4,4,6,2,6,2,5,5,3,4,1.0,0.53,33,20,ga_nasa_battery_2_20min_adam_wfn_22,22,_wfn,adam,nasa_battery_2_20min
9,2,2,2,3,6,1,4,6,6,4,7,1.0,0.52,37,15,ga_nasa_battery_2_20min_adam_win_22,22,_win,adam,nasa_battery_2_20min
5,7,4,4,6,2,6,2,5,5,3,4,1.0,0.53,33,20,ga_nasa_battery_2_20min_adam_wfn_bfn_22,22,_wfn_bfn,adam,nasa_battery_2_20min
9,2,2,2,3,6,1,4,6,6,4,7,1.0,0.52,37,15,ga_nasa_battery_2_20min_adam_win_bfn_22,22,_win_bfn,adam,nasa_battery_2_20min
5,7,4,4,6,2,6,2,5,5,3,4,1.0,0.53,33,20,ga_nasa_battery_2_20min_adam_wfn_bin_22,22,_wfn_bin,adam,nasa_battery_2_20min
9,2,2,2,3,6,1,4,6,6,4,7,1.0,0.52,37,15,ga_nasa_battery_2_20min_adam_win_bin_22,22,_win_bin,adam,nasa_battery_2_20min
2,6,4,5,2,7,7,3,4,5,5,2,1.0,0.52,35,17,ga_nasa_battery_2_20min_gaussian_wfn_22,22,_wfn,gaussian,nasa_battery_2_20min
4,5,6,7,3,5,2,7,4,5,3,2,1.0,0.53,31,22,ga_nasa_battery_2_20min_gaussian_win_22,22,_win,gaussian,nasa_battery_2_20min
2,6,4,5,2,7,7,3,4,5,5,2,1.0,0.52,35,17,ga_nasa_battery_2_20min_gaussian_wfn_bfn_22,22,_wfn_bfn,gaussian,nasa_battery_2_20min
4,5,6,7,3,5,2,7,4,5,3,2,1.0,0.53,31,22,ga_nasa_battery_2_20min_gaussian_win_bfn_22,22,_win_bfn,gaussian,nasa_battery_2_20min
2,6,4,5,2,7,7,3,4,5,5,2,1.0,0.52,35,17,ga_nasa_battery_2_20min_gaussian_wfn_bin_22,22,_wfn_bin,gaussian,nasa_battery_2_20min
4,5,6,7,3,5,2,7,4,5,3,2,1.0,0.53,31,22,ga_nasa_battery_2_20min_gaussian_win_bin_22,22,_win_bin,gaussian,nasa_battery_2_20min
6,8,4,2,0,3,4,6,3,5,8,4,1.0,0.53,33,20,ga_nasa_battery_2_20min_gaussian_22,22,,gaussian,nasa_battery_2_20min
3,6,3,6,5,1,5,1,3,11,4,4,1.0,0.52,34,18,ga_nasa_battery_2_20min_adam_wfn_23,23,_wfn,adam,nasa_battery_2_20min
6,3,4,3,2,3,10,5,7,4,3,7,1.0,0.57,41,16,ga_nasa_battery_2_20min_adam_win_23,23,_win,adam,nasa_battery_2_20min
3,6,3,6,5,1,5,1,3,11,4,4,1.0,0.52,34,18,ga_nasa_battery_2_20min_adam_wfn_bfn_23,23,_wfn_bfn,adam,nasa_battery_2_20min
6,3,4,3,2,3,10,5,7,4,3,7,1.0,0.57,41,16,ga_nasa_battery_2_20min_adam_win_bfn_23,23,_win_bfn,adam,nasa_battery_2_20min
3,6,3,6,5,1,5,1,3,11,4,4,1.0,0.52,34,18,ga_nasa_battery_2_20min_adam_wfn_bin_23,23,_wfn_bin,adam,nasa_battery_2_20min
6,3,4,3,2,3,10,5,7,4,3,7,1.0,0.57,41,16,ga_nasa_battery_2_20min_adam_win_bin_23,23,_win_bin,adam,nasa_battery_2_20min
3,6,6,4,5,4,6,3,6,4,4,4,1.0,0.55,36,19,ga_nasa_battery_2_20min_gaussian_wfn_23,23,_wfn,gaussian,nasa_battery_2_20min
5,3,8,8,1,1,2,9,1,5,9,2,1.0,0.54,30,24,ga_nasa_battery_2_20min_gaussian_win_23,23,_win,gaussian,nasa_battery_2_20min
3,6,6,4,5,4,6,3,6,4,4,4,1.0,0.55,36,19,ga_nasa_battery_2_20min_gaussian_wfn_bfn_23,23,_wfn_bfn,gaussian,nasa_battery_2_20min
5,3,8,8,1,1,2,9,1,5,9,2,1.0,0.54,30,24,ga_nasa_battery_2_20min_gaussian_win_bfn_23,23,_win_bfn,gaussian,nasa_battery_2_20min
3,6,6,4,5,4,6,3,6,4,4,4,1.0,0.55,36,19,ga_nasa_battery_2_20min_gaussian_wfn_bin_23,23,_wfn_bin,gaussian,nasa_battery_2_20min
5,3,8,8,1,1,2,9,1,5,9,2,1.0,0.54,30,24,ga_nasa_battery_2_20min_gaussian_win_bin_23,23,_win_bin,gaussian,nasa_battery_2_20min
9,7,4,3,6,5,2,4,1,2,5,5,1.0,0.53,30,23,ga_nasa_battery_2_20min_gaussian_23,23,,gaussian,nasa_battery_2_20min
3,4,5,5,4,2,4,3,5,7,5,3,1.0,0.5,33,17,ga_nasa_battery_2_20min_adam_wfn_24,24,_wfn,adam,nasa_battery_2_20min
5,4,3,2,6,4,5,7,8,4,6,2,1.0,0.56,42,14,ga_nasa_battery_2_20min_adam_win_24,24,_win,adam,nasa_battery_2_20min
3,4,5,5,4,2,4,3,5,7,5,3,1.0,0.5,33,17,ga_nasa_battery_2_20min_adam_wfn_bfn_24,24,_wfn_bfn,adam,nasa_battery_2_20min
5,4,3,2,6,4,5,7,8,4,6,2,1.0,0.56,42,14,ga_nasa_battery_2_20min_adam_win_bfn_24,24,_win_bfn,adam,nasa_battery_2_20min
3,4,5,5,4,2,4,3,5,7,5,3,1.0,0.5,33,17,ga_nasa_battery_2_20min_adam_wfn_bin_24,24,_wfn_bin,adam,nasa_battery_2_20min
5,4,3,2,6,4,5,7,8,4,6,2,1.0,0.56,42,14,ga_nasa_battery_2_20min_adam_win_bin_24,24,_win_bin,adam,nasa_battery_2_20min
5,3,5,2,6,4,9,4,2,5,3,4,1.0,0.52,37,15,ga_nasa_battery_2_20min_gaussian_wfn_24,24,_wfn,gaussian,nasa_battery_2_20min
4,11,8,3,4,2,2,5,7,2,3,6,1.0,0.57,31,26,ga_nasa_battery_2_20min_gaussian_win_24,24,_win,gaussian,nasa_battery_2_20min
5,3,5,2,6,4,9,4,2,5,3,4,1.0,0.52,37,15,ga_nasa_battery_2_20min_gaussian_wfn_bfn_24,24,_wfn_bfn,gaussian,nasa_battery_2_20min
4,11,8,3,4,2,2,5,7,2,3,6,1.0,0.57,31,26,ga_nasa_battery_2_20min_gaussian_win_bfn_24,24,_win_bfn,gaussian,nasa_battery_2_20min
5,3,5,2,6,4,9,4,2,5,3,4,1.0,0.52,37,15,ga_nasa_battery_2_20min_gaussian_wfn_bin_24,24,_wfn_bin,gaussian,nasa_battery_2_20min
4,11,8,3,4,2,2,5,7,2,3,6,1.0,0.57,31,26,ga_nasa_battery_2_20min_gaussian_win_bin_24,24,_win_bin,gaussian,nasa_battery_2_20min
9,5,6,3,6,4,3,5,3,5,3,2,1.0,0.54,31,23,ga_nasa_battery_2_20min_gaussian_24,24,,gaussian,nasa_battery_2_20min
10,6,4,0,3,7,5,2,8,5,5,4,1.0,0.59,39,20,ga_nasa_battery_2_20min_adam_wfn_25,25,_wfn,adam,nasa_battery_2_20min
7,6,1,9,1,4,2,4,3,3,6,6,1.0,0.52,29,23,ga_nasa_battery_2_20min_adam_win_25,25,_win,adam,nasa_battery_2_20min
10,6,4,0,3,7,5,2,8,5,5,4,1.0,0.59,39,20,ga_nasa_battery_2_20min_adam_wfn_bfn_25,25,_wfn_bfn,adam,nasa_battery_2_20min
7,6,1,9,1,4,2,4,3,3,6,6,1.0,0.52,29,23,ga_nasa_battery_2_20min_adam_win_bfn_25,25,_win_bfn,adam,nasa_battery_2_20min
10,6,4,0,3,7,5,2,8,5,5,4,1.0,0.59,39,20,ga_nasa_battery_2_20min_adam_wfn_bin_25,25,_wfn_bin,adam,nasa_battery_2_20min
7,6,1,9,1,4,2,4,3,3,6,6,1.0,0.52,29,23,ga_nasa_battery_2_20min_adam_win_bin_25,25,_win_bin,adam,nasa_battery_2_20min
3,6,2,8,2,0,4,1,9,8,7,5,1.0,0.55,36,19,ga_nasa_battery_2_20min_gaussian_wfn_25,25,_wfn,gaussian,nasa_battery_2_20min
3,5,6,4,7,5,1,7,7,5,4,5,1.0,0.59,41,18,ga_nasa_battery_2_20min_gaussian_win_25,25,_win,gaussian,nasa_battery_2_20min
3,6,2,8,2,0,4,1,9,8,7,5,1.0,0.55,36,19,ga_nasa_battery_2_20min_gaussian_wfn_bfn_25,25,_wfn_bfn,gaussian,nasa_battery_2_20min
3,5,6,4,7,5,1,7,7,5,4,5,1.0,0.59,41,18,ga_nasa_battery_2_20min_gaussian_win_bfn_25,25,_win_bfn,gaussian,nasa_battery_2_20min
3,6,2,8,2,0,4,1,9,8,7,5,1.0,0.55,36,19,ga_nasa_battery_2_20min_gaussian_wfn_bin_25,25,_wfn_bin,gaussian,nasa_battery_2_20min
3,5,6,4,7,5,1,7,7,5,4,5,1.0,0.59,41,18,ga_nasa_battery_2_20min_gaussian_win_bin_25,25,_win_bin,gaussian,nasa_battery_2_20min
8,3,3,1,5,5,4,5,8,5,7,3,1.0,0.57,42,15,ga_nasa_battery_2_20min_gaussian_25,25,,gaussian,nasa_battery_2_20min
5,8,4,4,6,3,3,8,3,4,6,1,1.0,0.55,34,21,ga_nasa_battery_2_20min_adam_wfn_26,26,_wfn,adam,nasa_battery_2_20min
6,3,1,6,6,6,2,2,3,3,9,3,1.0,0.5,34,16,ga_nasa_battery_2_20min_adam_win_26,26,_win,adam,nasa_battery_2_20min
5,8,4,4,6,3,3,8,3,4,6,1,1.0,0.55,34,21,ga_nasa_battery_2_20min_adam_wfn_bfn_26,26,_wfn_bfn,adam,nasa_battery_2_20min
6,3,1,6,6,6,2,2,3,3,9,3,1.0,0.5,34,16,ga_nasa_battery_2_20min_adam_win_bfn_26,26,_win_bfn,adam,nasa_battery_2_20min
5,8,4,4,6,3,3,8,3,4,6,1,1.0,0.55,34,21,ga_nasa_battery_2_20min_adam_wfn_bin_26,26,_wfn_bin,adam,nasa_battery_2_20min
6,3,1,6,6,6,2,2,3,3,9,3,1.0,0.5,34,16,ga_nasa_battery_2_20min_adam_win_bin_26,26,_win_bin,adam,nasa_battery_2_20min
4,5,9,9,3,5,6,3,2,2,4,7,1.0,0.59,32,27,ga_nasa_battery_2_20min_gaussian_wfn_26,26,_wfn,gaussian,nasa_battery_2_20min
6,4,6,4,5,1,4,5,5,3,4,2,1.0,0.49,29,20,ga_nasa_battery_2_20min_gaussian_win_26,26,_win,gaussian,nasa_battery_2_20min
4,5,9,9,3,5,6,3,2,2,4,7,1.0,0.59,32,27,ga_nasa_battery_2_20min_gaussian_wfn_bfn_26,26,_wfn_bfn,gaussian,nasa_battery_2_20min
6,4,6,4,5,1,4,5,5,3,4,2,1.0,0.49,29,20,ga_nasa_battery_2_20min_gaussian_win_bfn_26,26,_win_bfn,gaussian,nasa_battery_2_20min
4,5,9,9,3,5,6,3,2,2,4,7,1.0,0.59,32,27,ga_nasa_battery_2_20min_gaussian_wfn_bin_26,26,_wfn_bin,gaussian,nasa_battery_2_20min
6,4,6,4,5,1,4,5,5,3,4,2,1.0,0.49,29,20,ga_nasa_battery_2_20min_gaussian_win_bin_26,26,_win_bin,gaussian,nasa_battery_2_20min
10,6,7,8,10,3,4,2,1,3,1,3,1.0,0.58,27,31,ga_nasa_battery_2_20min_gaussian_26,26,,gaussian,nasa_battery_2_20min
8,3,5,2,2,6,3,4,8,4,4,5,1.0,0.54,36,18,ga_nasa_battery_2_20min_adam_wfn_27,27,_wfn,adam,nasa_battery_2_20min
3,4,3,4,4,9,5,5,5,4,4,3,1.0,0.53,39,14,ga_nasa_battery_2_20min_adam_win_27,27,_win,adam,nasa_battery_2_20min
8,3,5,2,2,6,3,4,8,4,4,5,1.0,0.54,36,18,ga_nasa_battery_2_20min_adam_wfn_bfn_27,27,_wfn_bfn,adam,nasa_battery_2_20min
3,4,3,4,4,9,5,5,5,4,4,3,1.0,0.53,39,14,ga_nasa_battery_2_20min_adam_win_bfn_27,27,_win_bfn,adam,nasa_battery_2_20min
8,3,5,2,2,6,3,4,8,4,4,5,1.0,0.54,36,18,ga_nasa_battery_2_20min_adam_wfn_bin_27,27,_wfn_bin,adam,nasa_battery_2_20min
3,4,3,4,4,9,5,5,5,4,4,3,1.0,0.53,39,14,ga_nasa_battery_2_20min_adam_win_bin_27,27,_win_bin,adam,nasa_battery_2_20min
12,5,2,1,3,6,3,4,2,3,5,5,1.0,0.51,31,20,ga_nasa_battery_2_20min_gaussian_wfn_27,27,_wfn,gaussian,nasa_battery_2_20min
6,5,4,6,7,2,3,4,7,7,1,2,0.8,0.54,33,21,ga_nasa_battery_2_20min_gaussian_win_27,27,_win,gaussian,nasa_battery_2_20min
12,5,2,1,3,6,3,4,2,3,5,5,1.0,0.51,31,20,ga_nasa_battery_2_20min_gaussian_wfn_bfn_27,27,_wfn_bfn,gaussian,nasa_battery_2_20min
6,5,4,6,7,2,3,4,7,7,1,2,0.8,0.54,33,21,ga_nasa_battery_2_20min_gaussian_win_bfn_27,27,_win_bfn,gaussian,nasa_battery_2_20min
12,5,2,1,3,6,3,4,2,3,5,5,1.0,0.51,31,20,ga_nasa_battery_2_20min_gaussian_wfn_bin_27,27,_wfn_bin,gaussian,nasa_battery_2_20min
6,5,4,6,7,2,3,4,7,7,1,2,0.8,0.54,33,21,ga_nasa_battery_2_20min_gaussian_win_bin_27,27,_win_bin,gaussian,nasa_battery_2_20min
7,8,2,5,3,5,7,4,5,2,4,1,1.0,0.53,31,22,ga_nasa_battery_2_20min_gaussian_27,27,,gaussian,nasa_battery_2_20min
5,7,6,5,3,5,3,3,2,3,4,6,1.0,0.52,29,23,ga_nasa_battery_2_20min_adam_wfn_28,28,_wfn,adam,nasa_battery_2_20min
6,9,4,6,3,4,2,4,4,6,1,5,1.0,0.54,29,25,ga_nasa_battery_2_20min_adam_win_28,28,_win,adam,nasa_battery_2_20min
5,7,6,5,3,5,3,3,2,3,4,6,1.0,0.52,29,23,ga_nasa_battery_2_20min_adam_wfn_bfn_28,28,_wfn_bfn,adam,nasa_battery_2_20min
6,9,4,6,3,4,2,4,4,6,1,5,1.0,0.54,29,25,ga_nasa_battery_2_20min_adam_win_bfn_28,28,_win_bfn,adam,nasa_battery_2_20min
5,7,6,5,3,5,3,3,2,3,4,6,1.0,0.52,29,23,ga_nasa_battery_2_20min_adam_wfn_bin_28,28,_wfn_bin,adam,nasa_battery_2_20min
6,9,4,6,3,4,2,4,4,6,1,5,1.0,0.54,29,25,ga_nasa_battery_2_20min_adam_win_bin_28,28,_win_bin,adam,nasa_battery_2_20min
5,0,3,4,4,7,5,1,5,3,5,5,1.0,0.47,35,12,ga_nasa_battery_2_20min_gaussian_wfn_28,28,_wfn,gaussian,nasa_battery_2_20min
3,3,5,7,5,2,5,4,6,0,6,8,1.0,0.54,36,18,ga_nasa_battery_2_20min_gaussian_win_28,28,_win,gaussian,nasa_battery_2_20min
5,0,3,4,4,7,5,1,5,3,5,5,1.0,0.47,35,12,ga_nasa_battery_2_20min_gaussian_wfn_bfn_28,28,_wfn_bfn,gaussian,nasa_battery_2_20min
3,3,5,7,5,2,5,4,6,0,6,8,1.0,0.54,36,18,ga_nasa_battery_2_20min_gaussian_win_bfn_28,28,_win_bfn,gaussian,nasa_battery_2_20min
5,0,3,4,4,7,5,1,5,3,5,5,1.0,0.47,35,12,ga_nasa_battery_2_20min_gaussian_wfn_bin_28,28,_wfn_bin,gaussian,nasa_battery_2_20min
3,3,5,7,5,2,5,4,6,0,6,8,1.0,0.54,36,18,ga_nasa_battery_2_20min_gaussian_win_bin_28,28,_win_bin,gaussian,nasa_battery_2_20min
8,4,2,3,2,6,3,2,5,5,4,4,1.0,0.48,31,17,ga_nasa_battery_2_20min_gaussian_28,28,,gaussian,nasa_battery_2_20min
4,5,7,4,4,4,4,4,4,5,6,3,0.8,0.54,34,20,ga_nasa_battery_2_20min_adam_wfn_29,29,_wfn,adam,nasa_battery_2_20min
7,3,2,7,6,7,2,3,6,4,4,3,0.8,0.54,35,19,ga_nasa_battery_2_20min_adam_win_29,29,_win,adam,nasa_battery_2_20min
4,5,7,4,4,4,4,4,4,5,6,3,0.8,0.54,34,20,ga_nasa_battery_2_20min_adam_wfn_bfn_29,29,_wfn_bfn,adam,nasa_battery_2_20min
7,3,2,7,6,7,2,3,6,4,4,3,0.8,0.54,35,19,ga_nasa_battery_2_20min_adam_win_bfn_29,29,_win_bfn,adam,nasa_battery_2_20min
4,5,7,4,4,4,4,4,4,5,6,3,0.8,0.54,34,20,ga_nasa_battery_2_20min_adam_wfn_bin_29,29,_wfn_bin,adam,nasa_battery_2_20min
7,3,2,7,6,7,2,3,6,4,4,3,0.8,0.54,35,19,ga_nasa_battery_2_20min_adam_win_bin_29,29,_win_bin,adam,nasa_battery_2_20min
8,3,6,3,3,6,5,2,4,7,2,3,0.8,0.52,32,20,ga_nasa_battery_2_20min_gaussian_wfn_29,29,_wfn,gaussian,nasa_battery_2_20min
2,5,1,3,5,4,5,5,4,2,10,3,1.0,0.49,38,11,ga_nasa_battery_2_20min_gaussian_win_29,29,_win,gaussian,nasa_battery_2_20min
8,3,6,3,3,6,5,2,4,7,2,3,0.8,0.52,32,20,ga_nasa_battery_2_20min_gaussian_wfn_bfn_29,29,_wfn_bfn,gaussian,nasa_battery_2_20min
2,5,1,3,5,4,5,5,4,2,10,3,1.0,0.49,38,11,ga_nasa_battery_2_20min_gaussian_win_bfn_29,29,_win_bfn,gaussian,nasa_battery_2_20min
8,3,6,3,3,6,5,2,4,7,2,3,0.8,0.52,32,20,ga_nasa_battery_2_20min_gaussian_wfn_bin_29,29,_wfn_bin,gaussian,nasa_battery_2_20min
2,5,1,3,5,4,5,5,4,2,10,3,1.0,0.49,38,11,ga_nasa_battery_2_20min_gaussian_win_bin_29,29,_win_bin,gaussian,nasa_battery_2_20min
10,4,8,2,3,2,5,2,5,5,4,3,1.0,0.53,29,24,ga_nasa_battery_2_20min_gaussian_29,29,,gaussian,nasa_battery_2_20min
